gene_set	binary__AbilityToConfide	binary__FreqSoc	binary__Loneliness	continuous__AbilityToConfide	continuous__FreqSoc	continuous__Loneliness
dopamine_signaling	0.35105070827187673	0.09772130953978993	0.0895108563876657	0.09773591296670299	0.16418483864949865	-0.0
gaba_glutamate	-1.337408760080675	-0.09772130953978993	-0.0895108563876657	-0.09773591296670299	-0.0732618893590894	-0.2670456285808932
hormone_related	-0.40836890002152204	-0.09772130953978993	-0.0895108563876657	-0.3552543427543003	0.19293233561228687	0.0
hpa_axis_stress	0.3002435241076102	0.08885770593991141	-0.0	0.018813106300518075	0.16418483864949865	-0.0
microglia_immune	-0.29055530598042834	-0.09772130953978993	-0.0895108563876657	-0.09773591296670299	0.19293233561228687	0.0
oxytocin_vasopressin	0.8483742365351846	0.09772130953978993	0.0895108563876657	0.09773591296670299	0.19293233561228687	-0.0
serotonin_signaling	-0.37186169021108695	-0.09772130953978993	-0.0895108563876657	-0.09773591296670299	-0.19293233561228687	-0.0
x_linked_genes	0.0	0.0	0.0	0.0	0.0	0.0
