coding	coding_raw	trait_index	trait	lead_snp	chr	lead_bp	window_start	window_end	source_lead_set	p_male_min_window	p_female_min_window	beta_male_lead	beta_female_lead_aligned	sign_discordant	locus_category
binary	SI	2	FreqSoc	rs1035400	5	151709900	151209900	152209900	combined	5.289161996647408e-05	0.0016712495061041	-0.0050911099349575	-0.0003992370993815	False	suggestive-other
binary	SI	2	FreqSoc	rs4404733	5	152251897	151751897	152751897	combined	2.5253975545262055e-05	0.0004012787157473	0.0055350787690768	0.0004114104389077	False	suggestive-other
binary	SI	2	FreqSoc	rs773020	9	77768122	77268122	78268122	combined	9.562270658933016e-05	8.914996308829322e-05	0.0082507637092715	0.0007329075078839	False	suggestive-other
binary	SI	2	FreqSoc	rs10123378	9	96375217	95875217	96875217	combined	0.0001415113367794	8.822410267428593e-08	-0.0049240967500092	-0.0005677591077667	False	suggestive-other
binary	SI	2	FreqSoc	rs11229292	11	57984777	57484777	58484777	combined	6.683339050841608e-05	0.0002894781811725	-0.0049844636551519	-0.0003749774645706	False	suggestive-other
binary	SI	2	FreqSoc	rs34761053	14	39769122	39269122	40269122	combined	5.326159677107404e-07	0.0011884467436563	1.8082117186487927	0.1116847835046599	False	suggestive-other
binary	SI	2	FreqSoc	rs11867618	17	65875587	65375587	66375587	combined	4.108932545072146e-05	3.643520382395395e-05	0.005088479456526	0.0005951760566693	False	suggestive-other
binary	SI	2	FreqSoc	rs613872	18	53210302	52710302	53710302	male	1.2890405166813867e-09	1.1148963402788506e-06	0.0101675938424581	0.0006663244059364	False	male-amplified
binary	SI	2	FreqSoc	rs6067037	20	47913578	47413578	48413578	combined	0.0005670080590598	1.5427349772528564e-07	-0.0041250814013072	-0.000520612618132	False	suggestive-other
