coding	coding_raw	trait_index	trait	lead_snp	chr	lead_bp	window_start	window_end	source_lead_set	p_male_min_window	p_female_min_window	beta_male_lead	beta_female_lead_aligned	sign_discordant	locus_category
binary	SI	3	Loneliness	rs78196477	2	50901796	50401796	51401796	combined	7.311127484586147e-05	2.6157320609113075e-06	0.0211654660793672	0.0227222489580745	False	suggestive-other
binary	SI	3	Loneliness	rs12622150	2	148673390	148173390	149173390	combined	3.307937372957619e-05	0.0012275019775201	0.0106816846006299	0.0093102787187809	False	suggestive-other
binary	SI	3	Loneliness	rs6727114	2	212752193	212252193	213252193	combined	0.0056137737781939	7.944580038674436e-05	-0.009505800525571	-0.0135860179908135	False	suggestive-other
binary	SI	3	Loneliness	rs4958529	5	151727891	151227891	152227891	combined	2.377893694066402e-05	0.0008689499523611	-0.012929185851731	-0.0115525465012703	False	suggestive-other
binary	SI	3	Loneliness	rs4404733	5	152251897	151751897	152751897	combined	1.1202023291858292e-05	4.092687908378154e-05	0.0150721632085709	0.0132059535285975	False	suggestive-other
binary	SI	3	Loneliness	rs9385564	6	131159590	130659590	131659590	combined	2.1641139813124475e-05	2.621461091817612e-05	0.0134175282818011	0.0096164060386238	False	suggestive-other
binary	SI	3	Loneliness	rs773020	9	77768122	77268122	78268122	combined	6.777729439537319e-05	8.955327507808257e-05	0.022781568152218	0.0202121602078922	False	suggestive-other
binary	SI	3	Loneliness	rs10123378	9	96375217	95875217	96875217	combined	0.0001445201739531	3.701266032501284e-07	-0.0131899835663039	-0.0158903848238195	False	suggestive-other
binary	SI	3	Loneliness	rs10838757	11	47763016	47263016	48263016	female	0.0001364900408839	2.3728222464400015e-08	-0.0115304031613208	-0.0181965301012493	False	suggestive-other
binary	SI	3	Loneliness	rs11867618	17	65875587	65375587	66375587	combined	3.793371366702044e-05	1.2769979925037832e-05	0.0114967632537787	0.0184602040342416	False	suggestive-other
binary	SI	3	Loneliness	rs613872	18	53210302	52710302	53710302	male	3.1551374472953455e-08	5.661669995472675e-07	0.0250718343117982	0.0182834848034791	False	male-amplified
binary	SI	3	Loneliness	rs6122779	20	47893014	47393014	48393014	combined	0.0008127563714414	3.785933096067103e-06	-0.0115352901622109	-0.0127075679969237	False	suggestive-other
