coding	coding_raw	trait_index	trait	lead_snp	chr	lead_bp	window_start	window_end	source_lead_set	p_male_min_window	p_female_min_window	beta_male_lead	beta_female_lead_aligned	sign_discordant	locus_category
binary	SI	1	AbilityToConfide	rs76441558	1	91042852	90542852	91542852	combined	1.0666570947025083e-05	5.179946104595633e-05	0.0243325708460298	0.0192601968107802	False	suggestive-other
binary	SI	1	AbilityToConfide	rs6859953	5	125368536	124868536	125868536	combined	9.580368857994426e-08	0.0001143543453474	0.0165670622998709	0.0074917390430155	False	suggestive-other
binary	SI	1	AbilityToConfide	rs12537384	7	115025708	114525708	115525708	male	4.0196220187414825e-11	0.0041042121172265	0.0238094677445812	0.0073244401619649	False	suggestive-other
binary	SI	1	AbilityToConfide	rs4744250	9	96271752	95771752	96771752	combined	0.0003402812667866	8.007321758814106e-07	-0.0127340269959725	-0.0157031457423126	False	suggestive-other
binary	SI	1	AbilityToConfide	rs938011	11	57709997	57209997	58209997	combined	5.3771322641934746e-05	0.0014641180362337	0.0153734789289969	0.0077610953217501	False	suggestive-other
binary	SI	1	AbilityToConfide	17:62488866:G:T	17	62488866	61988866	62988866	female	0.000329149156321	7.188752554979087e-09	-0.2668454755154604	2.0106814305785305	True	discordant
binary	SI	1	AbilityToConfide	rs613872	18	53210302	52710302	53710302	male	6.574070630948447e-09	3.990567432535597e-05	0.0267364725612899	0.0157149448711172	False	suggestive-other
binary	SI	1	AbilityToConfide	rs1130146	20	47859217	47359217	48359217	combined	5.284486448888581e-05	1.8198566603693734e-07	-0.0111101889474095	-0.0156278769188045	False	suggestive-other
