coding	trait_index	trait	h2_female	h2_male	se_female	se_male	h2_diff_female_minus_male	se_diff	z_diff	p_diff	sig_label
binary	1	AbilityToConfide	0.0351	0.0259	0.0029	0.0029	0.0092	0.004101219330881975	2.2432353058331853	0.024881644708350324	*
binary	2	FreqSoc	0.0398	0.027	0.0032	0.0028	0.012800000000000002	0.004252058325093859	3.010306778827512	0.002609839417260346	**
binary	3	Loneliness	0.0374	0.0261	0.0031	0.0029	0.011300000000000001	0.004244997055358225	2.661957087988232	0.007768778189396309	**
continuous	1	AbilityToConfide	0.0449	0.0296	0.0033	0.0032	0.015300000000000001	0.004596737973824481	3.3284472787276185	0.0008733153256480149	***
continuous	2	FreqSoc	0.0324	0.0187	0.0031	0.003	0.013699999999999997	0.004313930922024598	3.1757578523233203	0.0014944564029165908	**
continuous	3	Loneliness	0.0406	0.0251	0.0032	0.0028	0.015499999999999996	0.004252058325093859	3.645293364986439	0.00026708694719808433	***
