locus_id	CHR	START	END	LEAD_SNP	LEAD_BP	LEAD_P	method
locus_0001_chr5_151709900	5	151209900	152209900	rs1035400	151709900	1.4618952319428734e-08	distance
locus_0002_chr5_152251897	5	151751897	152751897	rs4404733	152251897	3.802974630166621e-09	distance
locus_0003_chr9_77768122	9	77268122	78268122	rs773020	77768122	2.2142643899784913e-09	distance
locus_0004_chr9_96375217	9	95875217	96875217	rs10123378	96375217	8.229816780287626e-11	distance
locus_0005_chr11_57984777	11	57484777	58484777	rs11229292	57984777	1.2331065436844465e-08	distance
locus_0006_chr14_39769122	14	39269122	40269122	rs34761053	39769122	9.900170188446648e-09	distance
locus_0007_chr17_65875587	17	65375587	66375587	rs11867618	65875587	1.737699145785955e-09	distance
locus_0008_chr18_53210302	18	52710302	53710302	rs613872	53210302	4.28303094493002e-17	distance
locus_0009_chr20_47913578	20	47413578	48413578	rs6067037	47913578	2.8009496541579423e-10	distance
