locus_id	SNP	CHR	BP	P	method
locus_0001_chr7_115025708	rs12537384	7	115025708	4.0196220187414825e-11	distance
locus_0002_chr18_53210302	rs613872	18	53210302	6.574070630948447e-09	distance
