SNP	CHR	BP	P
rs10838757	11	47763016	2.3728222464400015e-08
rs2290850	11	47807774	2.6174185158437082e-08
rs7947730	11	47786184	2.8179805148034918e-08
rs10838748	11	47716381	2.9389283106182667e-08
rs11039426	11	47863119	3.8188426258559045e-08
rs4752797	11	47874364	3.8505410661490994e-08
rs17788930	11	47752775	4.789408581093313e-08
