SNP	CHR	BP	P
rs613872	18	53210302	1.2890405166813867e-09
rs652714	18	53321026	6.887686345388742e-09
rs629376	18	53331267	6.8887312596947405e-09
rs611775	18	53337939	8.050682972814888e-09
rs618869	18	53248151	1.0250885855101821e-08
rs596668	18	53264343	1.1845031145237217e-08
