locus_id	SNP	CHR	BP	P	method
locus_0001_chr1_91042852	rs76441558	1	91042852	8.201774729069654e-10	distance
locus_0002_chr5_125368536	rs6859953	5	125368536	9.871579979208702e-09	distance
locus_0003_chr7_115099020	rs11514944	7	115099020	5.5812527391064295e-11	distance
locus_0004_chr9_96271752	rs4744250	9	96271752	2.8295503476540706e-10	distance
locus_0005_chr11_57709997	rs938011	11	57709997	2.8689419163545213e-09	distance
locus_0006_chr18_53210302	rs613872	18	53210302	1.1260553725960693e-15	distance
locus_0007_chr20_47859217	rs1130146	20	47859217	2.2662868455202623e-10	distance
