locus_id	CHR	START	END	LEAD_SNP	LEAD_BP	LEAD_P	method
locus_0001_chr7_115025708	7	114525708	115525708	rs12537384	115025708	4.0196220187414825e-11	distance
locus_0002_chr18_53210302	18	52710302	53710302	rs613872	53210302	6.574070630948447e-09	distance
