locus_id	CHR	START	END	LEAD_SNP	LEAD_BP	LEAD_P	method
locus_0001_chr1_19987294	1	19487294	20487294	rs6693503	19987294	7.462922714912654e-11	distance
locus_0002_chr1_72650254	1	72150254	73150254	rs11209935	72650254	1.5999512926932155e-09	distance
locus_0003_chr1_91088884	1	90588884	91588884	rs4370753	91088884	2.3562884332901352e-08	distance
locus_0004_chr1_152487914	1	151987914	152987914	1:152487914:C:T	152487914	2.0753432279426674e-10	distance
locus_0005_chr3_81984281	3	81484281	82484281	rs9309882	81984281	2.533193692104971e-08	distance
locus_0006_chr3_85057281	3	84557281	85557281	rs4301023	85057281	4.6801469203494673e-08	distance
locus_0007_chr4_114213580	4	113713580	114713580	rs200990814	114213580	2.65514364654231e-14	distance
locus_0008_chr5_106443053	5	105943053	106943053	rs4957687	106443053	5.575793491781126e-09	distance
locus_0009_chr5_139947655	5	139447655	140447655	5:139947655:C:T	139947655	3.6778674119607897e-19	distance
locus_0010_chr5_141353169	5	140853169	141853169	5:141353169:C:T	141353169	2.70398857675213e-17	distance
locus_0011_chr6_31378965	6	30878965	31878965	rs1051791	31378965	3.1480444790723126e-11	distance
locus_0012_chr6_98814598	6	98314598	99314598	rs2388357	98814598	7.4373516451877745e-09	distance
locus_0013_chr8_43054553	8	42554553	43554553	rs1126058	43054553	1.817295414942208e-08	distance
locus_0014_chr8_53136442	8	52636442	53636442	rs16917522	53136442	2.4847834906454345e-08	distance
locus_0015_chr8_65260306	8	64760306	65760306	rs10099728	65260306	1.1701792378062054e-12	distance
locus_0016_chr11_19186693	11	18686693	19686693	11:19186693:G:T	19186693	2.9705415947836522e-08	distance
locus_0017_chr14_94832655	14	94332655	95332655	rs74074958	94832655	3.1592467859571107e-12	distance
locus_0018_chr16_57755652	16	57255652	58255652	rs146987511	57755652	4.890175449411285e-12	distance
locus_0019_chr17_80274216	17	79774216	80774216	rs149252844	80274216	1.4041017392516386e-09	distance
locus_0020_chr19_48259848	19	47759848	48759848	rs141718194	48259848	1.2021570343508559e-16	distance
locus_0021_chr20_47618835	20	47118835	48118835	rs6095391	47618835	1.6611427110367053e-15	distance
