locus_id	CHR	START	END	LEAD_SNP	LEAD_BP	LEAD_P	method
locus_0001_chr10_127158582	10	126658582	127658582	rs6597707	127158582	4.621682438940861e-08	distance
locus_0002_chr15_47685080	15	47185080	48185080	rs1025144	47685080	5.880674185806502e-10	distance
