locus_id	SNP	CHR	BP	P	method
locus_0001_chr10_127158582	rs6597707	10	127158582	4.621682438940861e-08	distance
locus_0002_chr15_47685080	rs1025144	15	47685080	5.880674185806502e-10	distance
