locus_id	CHR	START	END	LEAD_SNP	LEAD_BP	LEAD_P	method
locus_0001_chr1_91042852	1	90542852	91542852	rs76441558	91042852	2.253385887023324e-08	distance
locus_0002_chr3_80463682	3	79963682	80963682	rs7614859	80463682	1.7788121423847487e-08	distance
locus_0003_chr3_81984281	3	81484281	82484281	rs9309882	81984281	3.1262211312221384e-10	distance
locus_0004_chr5_125371267	5	124871267	125871267	rs3909300	125371267	1.0990279639242175e-08	distance
locus_0005_chr5_151709678	5	151209678	152209678	rs1035401	151709678	2.4040146572760277e-08	distance
locus_0006_chr5_152251897	5	151751897	152751897	rs4404733	152251897	1.443692583827392e-12	distance
locus_0007_chr7_115025708	7	114525708	115525708	rs12537384	115025708	7.470730819385596e-09	distance
locus_0008_chr8_22465427	8	21965427	22965427	rs6999893	22465427	1.6497660484027913e-08	distance
locus_0009_chr9_96447466	9	95947466	96947466	rs10821203	96447466	3.2426974581533614e-13	distance
locus_0010_chr11_13331226	11	12831226	13831226	rs4757144	13331226	2.788749910832872e-09	distance
locus_0011_chr11_57709997	11	57209997	58209997	rs938011	57709997	1.0381672488243754e-11	distance
locus_0012_chr11_58423297	11	57923297	58923297	rs11601296	58423297	3.0933721477624234e-09	distance
locus_0013_chr14_30092677	14	29592677	30592677	rs2333611	30092677	3.3019702004183823e-11	distance
locus_0014_chr16_71615613	16	71115613	72115613	rs4788808	71615613	1.3405723926475301e-08	distance
locus_0015_chr18_53210302	18	52710302	53710302	rs613872	53210302	1.0522927001642927e-13	distance
locus_0016_chr20_48041211	20	47541211	48541211	rs3787317	48041211	4.2869458718155776e-10	distance
locus_0017_chr20_50927090	20	50427090	51427090	rs17202777	50927090	3.912888757759588e-08	distance
