locus_id	CHR	START	END	LEAD_SNP	LEAD_BP	LEAD_P	method
locus_0001_chr2_212752193	2	212252193	213252193	rs6727114	212752193	1.8252161129710336e-08	distance
locus_0002_chr3_82005088	3	81505088	82505088	rs6548788	82005088	4.04496749557837e-10	distance
locus_0003_chr5_151709900	5	151209900	152209900	rs1035400	151709900	1.1125411511225223e-09	distance
locus_0004_chr5_152251897	5	151751897	152751897	rs4404733	152251897	2.768809586882773e-12	distance
locus_0005_chr6_131035958	6	130535958	131535958	rs9483170	131035958	8.692585472395515e-09	distance
locus_0006_chr9_77768122	9	77268122	78268122	rs773020	77768122	1.6590320266507267e-10	distance
locus_0007_chr9_96375217	9	95875217	96875217	rs10123378	96375217	1.2076587906354748e-12	distance
locus_0008_chr11_47763016	11	47263016	48263016	rs10838757	47763016	2.2255823494072744e-08	distance
locus_0009_chr11_57984777	11	57484777	58484777	rs11229292	57984777	7.931000157385011e-09	distance
locus_0010_chr17_65875587	17	65375587	66375587	rs11867618	65875587	1.7851939016323093e-08	distance
locus_0011_chr18_53210302	18	52710302	53710302	rs613872	53210302	4.035902953889959e-16	distance
locus_0012_chr20_47527742	20	47027742	48027742	rs6012555	47527742	1.1383216620478755e-09	distance
