SNP	CHR	BP	P
rs12537384	7	115025708	5.688828320112796e-10
rs10270358	7	114948351	4.168069646297236e-09
rs1534373	7	115033079	4.355684288987814e-09
rs10264504	7	114956058	4.5732865502009745e-09
rs9641538	7	115031575	6.378571011686364e-09
rs1155397	7	114953597	6.981111203810583e-09
rs11514944	7	115099020	8.965797338428456e-09
