locus_id	SNP	CHR	BP	P	method
locus_0001_chr2_212752193	rs6727114	2	212752193	1.8252161129710336e-08	distance
locus_0002_chr3_82005088	rs6548788	3	82005088	4.04496749557837e-10	distance
locus_0003_chr5_151709900	rs1035400	5	151709900	1.1125411511225223e-09	distance
locus_0004_chr5_152251897	rs4404733	5	152251897	2.768809586882773e-12	distance
locus_0005_chr6_131035958	rs9483170	6	131035958	8.692585472395515e-09	distance
locus_0006_chr9_77768122	rs773020	9	77768122	1.6590320266507267e-10	distance
locus_0007_chr9_96375217	rs10123378	9	96375217	1.2076587906354748e-12	distance
locus_0008_chr11_47763016	rs10838757	11	47763016	2.2255823494072744e-08	distance
locus_0009_chr11_57984777	rs11229292	11	57984777	7.931000157385011e-09	distance
locus_0010_chr17_65875587	rs11867618	17	65875587	1.7851939016323093e-08	distance
locus_0011_chr18_53210302	rs613872	18	53210302	4.035902953889959e-16	distance
locus_0012_chr20_47527742	rs6012555	20	47527742	1.1383216620478755e-09	distance
