SNP	CHR	BP	P
rs1025144	15	47685080	5.880674185806502e-10
rs4511474	15	47684680	6.933221962635567e-10
rs281291	15	47682428	8.364135824936805e-10
rs281286	15	47681250	8.371301183225776e-10
rs281289	15	47682079	8.596964477048888e-10
rs281296	15	47685010	2.244982554785508e-09
rs1025145	15	47685306	4.5584717648008254e-09
rs281265	15	47675602	9.974795324462336e-09
rs6597707	10	127158582	4.621682438940861e-08
rs7901844	10	127162386	4.9406352229223254e-08
